{"cameraMode":{"drawMode":0,"name":"Shaded","section":"Shading Mode"},"sceneLighting":true,"audioPlay":false,"sceneViewState":{"showFog":true,"showMaterialUpdate":false,"showSkybox":true,"showFlares":true,"showImageEffects":true,"showParticleSystems":true},"in2DMode":false,"pivot":{"x":5.344034194946289,"y":3.5339977741241457,"z":2.9750635623931886},"rotation":{"x":-0.04648516699671745,"y":0.9495221972465515,"z":-0.1701461523771286,"w":-0.25941693782806399},"size":28.663646697998048,"orthographic":false}